mean_fit_time,std_fit_time,mean_score_time,std_score_time,param_model__bootstrap,param_model__criterion,param_model__max_depth,param_model__max_features,param_model__min_samples_leaf,param_model__min_samples_split,param_model__n_estimators,params,split0_test_score,split1_test_score,split2_test_score,split3_test_score,split4_test_score,mean_test_score,std_test_score,rank_test_score,split0_train_score,split1_train_score,split2_train_score,split3_train_score,split4_train_score,mean_train_score,std_train_score,search_type
1.8563411712646485,0.0319816747544698,0.05381312370300293,0.003643239005652771,True,entropy,15,,5,8,321,"{'model__bootstrap': True, 'model__criterion': 'entropy', 'model__max_depth': 15, 'model__max_features': None, 'model__min_samples_leaf': 5, 'model__min_samples_split': 8, 'model__n_estimators': 321}",0.7777164920022063,0.7412574404761905,0.7353050595238095,0.8240327380952381,0.7957589285714286,0.7748141317337746,0.03333645973078764,38,0.991455078125,0.9877826847955861,0.9853832690011707,0.9840038947038982,0.9869133312468847,0.9871076515745079,0.0025298359560373346,RandomizedSearchCV
3.747077703475952,0.11096986995180104,0.2174398422241211,0.03437033192598075,True,gini,28,log2,8,4,1532,"{'model__bootstrap': True, 'model__criterion': 'gini', 'model__max_depth': 28, 'model__max_features': 'log2', 'model__min_samples_leaf': 8, 'model__min_samples_split': 4, 'model__n_estimators': 1532}",0.7894833609119323,0.7496279761904763,0.7412574404761904,0.8465401785714285,0.7957589285714285,0.7845335769442912,0.037647184429691706,17,0.911865234375,0.914907674653128,0.9098654240706611,0.8999547936154675,0.9119286898262451,0.9097043633081003,0.005133643753536483,RandomizedSearchCV
1.6284579277038573,0.04735100908110638,0.10945091247558594,0.022661589639650703,False,entropy,10,sqrt,5,2,659,"{'model__bootstrap': False, 'model__criterion': 'entropy', 'model__max_depth': 10, 'model__max_features': 'sqrt', 'model__min_samples_leaf': 5, 'model__min_samples_split': 2, 'model__n_estimators': 659}",0.7867255010112153,0.7509300595238095,0.7434895833333334,0.8387276785714285,0.7924107142857142,0.7824567073451002,0.034047300430101735,25,0.985595703125,0.9843864102653266,0.9794600734893533,0.9787298165084444,0.9824970152194827,0.9821338037215215,0.0026805547416328774,RandomizedSearchCV
3.4970256328582763,0.14443903745921266,0.17587018013000488,0.021662803423939038,False,gini,29,sqrt,3,13,1467,"{'model__bootstrap': False, 'model__criterion': 'gini', 'model__max_depth': 29, 'model__max_features': 'sqrt', 'model__min_samples_leaf': 3, 'model__min_samples_split': 13, 'model__n_estimators': 1467}",0.7898510755653612,0.7529761904761904,0.7464657738095238,0.8439360119047619,0.7933407738095238,0.7853139651130722,0.03486107581580237,11,0.9970935639880952,0.9959082426307797,0.9919787645906504,0.9940883958688319,0.995421404643507,0.9948980743443728,0.0017488532252010031,RandomizedSearchCV
9.319464683532715,0.46165797805614484,0.1685347080230713,0.017058794840839605,False,gini,23,,9,8,1497,"{'model__bootstrap': False, 'model__criterion': 'gini', 'model__max_depth': 23, 'model__max_features': None, 'model__min_samples_leaf': 9, 'model__min_samples_split': 8, 'model__n_estimators': 1497}",0.6904761904761905,0.5915178571428571,0.6256510416666666,0.742001488095238,0.7257254464285714,0.6750744047619047,0.05780370745596174,49,0.9026692708333334,0.9122880226263751,0.9124734847167646,0.8952718758331304,0.9172897033765693,0.9079984714772346,0.007938760595379688,RandomizedSearchCV
3.533518648147583,0.0720212751915324,0.19286398887634276,0.022493505702059362,False,entropy,22,log2,5,3,1563,"{'model__bootstrap': False, 'model__criterion': 'entropy', 'model__max_depth': 22, 'model__max_features': 'log2', 'model__min_samples_leaf': 5, 'model__min_samples_split': 3, 'model__n_estimators': 1563}",0.7918735061592205,0.7468377976190476,0.7457217261904762,0.8482142857142858,0.7903645833333333,0.7846023798032726,0.03760429692081731,16,0.9874674479166667,0.9849659792977943,0.9800860080444183,0.9813146943932493,0.9848152913493526,0.9837298842002962,0.00267530923620618,RandomizedSearchCV
3.4479580879211427,0.06729921078503061,0.1779024600982666,0.055668365561305895,True,entropy,16,log2,3,15,1304,"{'model__bootstrap': True, 'model__criterion': 'entropy', 'model__max_depth': 16, 'model__max_features': 'log2', 'model__min_samples_leaf': 3, 'model__min_samples_split': 15, 'model__n_estimators': 1304}",0.7986762272476557,0.7529761904761906,0.751860119047619,0.8547247023809524,0.7974330357142858,0.7911340549733408,0.03778570265269658,1,0.962774367559524,0.9620730025153296,0.9564511829003952,0.955245679312863,0.9622005077024725,0.9597489479981169,0.003216184739621804,RandomizedSearchCV
4.31690354347229,0.08018666850120733,0.17913398742675782,0.014039330881279559,True,entropy,6,log2,6,11,1700,"{'model__bootstrap': True, 'model__criterion': 'entropy', 'model__max_depth': 6, 'model__max_features': 'log2', 'model__min_samples_leaf': 6, 'model__min_samples_split': 11, 'model__n_estimators': 1700}",0.7949990807133664,0.7453497023809524,0.7429315476190476,0.8487723214285715,0.7920386904761905,0.7848182685236257,0.03887973614746133,15,0.9042503720238095,0.907373277231051,0.9019369197065061,0.8909366994702739,0.9042667872170255,0.9017528111297333,0.005677494038413293,RandomizedSearchCV
2.1192139625549316,0.07553377127380363,0.11821956634521484,0.005503784911286312,False,entropy,6,log2,4,15,1015,"{'model__bootstrap': False, 'model__criterion': 'entropy', 'model__max_depth': 6, 'model__max_features': 'log2', 'model__min_samples_leaf': 4, 'model__min_samples_split': 15, 'model__n_estimators': 1015}",0.7972053686339401,0.7511160714285714,0.7356770833333334,0.8357514880952381,0.7872023809523809,0.7813904784886928,0.03534193697427617,28,0.9321637834821429,0.9304285333426064,0.9258731207474122,0.9181996267575431,0.9323411111497489,0.9278012350958906,0.005337668155811448,RandomizedSearchCV
3.2454423904418945,0.12345041726223034,0.16231164932250977,0.10719792782747405,True,entropy,29,,5,17,537,"{'model__bootstrap': True, 'model__criterion': 'entropy', 'model__max_depth': 29, 'model__max_features': None, 'model__min_samples_leaf': 5, 'model__min_samples_split': 17, 'model__n_estimators': 537}",0.7745909174480603,0.7475818452380952,0.7315848214285714,0.8197544642857143,0.7996651785714286,0.774635445394374,0.03239589139576319,39,0.9736560639880953,0.9698276361697441,0.9650983528648098,0.9644608269290955,0.9683323480659782,0.9682750456035446,0.003346903665962679,RandomizedSearchCV
0.6465014457702637,0.024880343991314346,0.07646536827087402,0.03792681737887648,False,entropy,29,sqrt,9,16,264,"{'model__bootstrap': False, 'model__criterion': 'entropy', 'model__max_depth': 29, 'model__max_features': 'sqrt', 'model__min_samples_leaf': 9, 'model__min_samples_split': 16, 'model__n_estimators': 264}",0.7896672182386468,0.7477678571428571,0.7386532738095238,0.8340773809523809,0.7914806547619047,0.7803292769810627,0.03434397867483262,31,0.9517764136904763,0.9505048046272792,0.9467260145355914,0.9400841534235143,0.9492181613752014,0.9476619095304125,0.004140806778306479,RandomizedSearchCV
4.866656160354614,0.111322002163497,0.21577653884887696,0.029086904987526946,True,gini,5,sqrt,8,12,1722,"{'model__bootstrap': True, 'model__criterion': 'gini', 'model__max_depth': 5, 'model__max_features': 'sqrt', 'model__min_samples_leaf': 8, 'model__min_samples_split': 12, 'model__n_estimators': 1722}",0.7959183673469388,0.7462797619047619,0.7388392857142858,0.8368675595238094,0.7944568452380952,0.7824723639455782,0.036047219198537636,24,0.8807663690476191,0.8842948383581969,0.8810608431570284,0.8695042366496273,0.8797394257630026,0.8790731425950948,0.005021791916017192,RandomizedSearchCV
2.9365408420562744,0.15582484671833421,0.19365453720092773,0.04957087326115319,False,entropy,5,log2,7,10,1251,"{'model__bootstrap': False, 'model__criterion': 'entropy', 'model__max_depth': 5, 'model__max_features': 'log2', 'model__min_samples_leaf': 7, 'model__min_samples_split': 10, 'model__n_estimators': 1251}",0.7955506526935098,0.7513020833333334,0.7300967261904763,0.8366815476190476,0.7844122023809524,0.779608642443464,0.03684353273985802,32,0.896484375,0.8984710968923508,0.8957934879623513,0.8837848176096255,0.8985174624149481,0.8946102479758551,0.005518601826756912,RandomizedSearchCV
0.8543989181518554,0.07876229318308434,0.13430914878845215,0.13027652744000354,False,entropy,6,sqrt,7,6,298,"{'model__bootstrap': False, 'model__criterion': 'entropy', 'model__max_depth': 6, 'model__max_features': 'sqrt', 'model__min_samples_leaf': 7, 'model__min_samples_split': 6, 'model__n_estimators': 298}",0.7883802169516454,0.75390625,0.7336309523809523,0.8307291666666666,0.7981770833333334,0.7809647338665195,0.034059951715620485,30,0.9254441034226191,0.9218393202814388,0.9190689803062442,0.9099581551158558,0.9231259635335165,0.9198873045319349,0.005374661927815044,RandomizedSearchCV
3.4365920066833495,0.11651244290201439,0.18733577728271483,0.015722381513224734,False,gini,7,log2,5,16,1685,"{'model__bootstrap': False, 'model__criterion': 'gini', 'model__max_depth': 7, 'model__max_features': 'log2', 'model__min_samples_leaf': 5, 'model__min_samples_split': 16, 'model__n_estimators': 1685}",0.7955506526935099,0.75390625,0.7434895833333334,0.8430059523809522,0.7894345238095238,0.7850773924434639,0.03517265363389247,14,0.9434640066964286,0.9415446673853323,0.9383454463261119,0.9299416953553338,0.941370796675592,0.9389333224877596,0.00478502787576249,RandomizedSearchCV
3.218800354003906,0.0847062436327337,0.06266970634460449,0.0022432652724407296,False,entropy,27,,7,10,406,"{'model__bootstrap': False, 'model__criterion': 'entropy', 'model__max_depth': 27, 'model__max_features': None, 'model__min_samples_leaf': 7, 'model__min_samples_split': 10, 'model__n_estimators': 406}",0.604155175583747,0.6632254464285714,0.6567150297619047,0.7129836309523809,0.6925223214285716,0.6659203208310351,0.036958231815118994,50,0.9368082682291666,0.9366762875126056,0.9368791366739693,0.9250443370309838,0.9283246977547496,0.9327465454402949,0.005057578994099775,RandomizedSearchCV
2.2215532302856444,0.05077653365471686,0.13184313774108886,0.04704390802609669,True,gini,17,sqrt,7,18,763,"{'model__bootstrap': True, 'model__criterion': 'gini', 'model__max_depth': 17, 'model__max_features': 'sqrt', 'model__min_samples_leaf': 7, 'model__min_samples_split': 18, 'model__n_estimators': 763}",0.7920573634859349,0.7462797619047618,0.7395833333333334,0.843936011904762,0.797061011904762,0.7837834965067108,0.03800857517007125,19,0.9261067708333334,0.9277161502706588,0.9202976666550753,0.9146758470401409,0.9238678118950748,0.9225328493388567,0.0046508101482797244,RandomizedSearchCV
3.5817028045654298,0.08619712271879224,0.19208788871765137,0.010487029327178666,False,entropy,9,sqrt,4,14,1383,"{'model__bootstrap': False, 'model__criterion': 'entropy', 'model__max_depth': 9, 'model__max_features': 'sqrt', 'model__min_samples_leaf': 4, 'model__min_samples_split': 14, 'model__n_estimators': 1383}",0.7876447876447876,0.7481398809523809,0.744233630952381,0.8415178571428572,0.7942708333333334,0.7831613980051481,0.035470760813534376,20,0.9805268787202381,0.9773736249724705,0.9735716521194839,0.9712881501315621,0.9755537782105226,0.9756628168308555,0.003165707837494707,RandomizedSearchCV
2.1861196517944337,0.11285307517532751,0.1760171413421631,0.1310163866999197,False,entropy,6,log2,9,7,995,"{'model__bootstrap': False, 'model__criterion': 'entropy', 'model__max_depth': 6, 'model__max_features': 'log2', 'model__min_samples_leaf': 9, 'model__min_samples_split': 7, 'model__n_estimators': 995}",0.7961022246736533,0.7481398809523809,0.7356770833333334,0.8407738095238094,0.7892485119047619,0.7819883020775877,0.03741147935524505,27,0.9052618117559524,0.9090772101865053,0.9052868287141682,0.8939852325810528,0.9098770154513104,0.9046976197377978,0.005682036094618608,RandomizedSearchCV
0.9682534694671631,0.03776147800928329,0.08261408805847167,0.02483076253723889,False,gini,15,sqrt,7,8,389,"{'model__bootstrap': False, 'model__criterion': 'gini', 'model__max_depth': 15, 'model__max_features': 'sqrt', 'model__min_samples_leaf': 7, 'model__min_samples_split': 8, 'model__n_estimators': 389}",0.7922412208126495,0.7436755952380952,0.7397693452380952,0.8405877976190476,0.7991071428571429,0.7830762203530061,0.037620377247047886,21,0.9699474516369049,0.9689003257177964,0.9623975611735114,0.9631510009157191,0.9679034669819522,0.9664599612851769,0.003087199041458604,RandomizedSearchCV
9.104648447036743,0.3831169928780918,0.37961626052856445,0.06162774835512834,True,gini,29,,9,4,1582,"{'model__bootstrap': True, 'model__criterion': 'gini', 'model__max_depth': 29, 'model__max_features': None, 'model__min_samples_leaf': 9, 'model__min_samples_split': 4, 'model__n_estimators': 1582}",0.7720169148740577,0.7466517857142857,0.7220982142857142,0.8138020833333334,0.794828869047619,0.769879573451002,0.03279881357706025,48,0.9367908296130952,0.9368733409836447,0.932572938762736,0.9300344264005286,0.9339407216793593,0.9340424514878729,0.002600061513138985,RandomizedSearchCV
9.650696992874146,0.5795173499909446,0.47971229553222655,0.16117359177083374,True,entropy,9,,8,16,1597,"{'model__bootstrap': True, 'model__criterion': 'entropy', 'model__max_depth': 9, 'model__max_features': None, 'model__min_samples_leaf': 8, 'model__min_samples_split': 16, 'model__n_estimators': 1597}",0.7663173377459092,0.7468377976190477,0.7230282738095238,0.8253348214285715,0.7991071428571429,0.772125074692039,0.03644991412152095,45,0.9562058221726191,0.95405176710598,0.9492181613752013,0.9449061677736436,0.9479662922650717,0.950469642138503,0.004111461841354855,RandomizedSearchCV
6.030838394165039,0.33889382303827187,0.44683070182800294,0.07588447282330937,True,entropy,24,log2,1,13,1733,"{'model__bootstrap': True, 'model__criterion': 'entropy', 'model__max_depth': 24, 'model__max_features': 'log2', 'model__min_samples_leaf': 1, 'model__min_samples_split': 13, 'model__n_estimators': 1733}",0.7999632285346571,0.7570684523809524,0.7520461309523809,0.8524925595238096,0.7920386904761905,0.7907218123735982,0.03614172136543699,2,0.9898158482142856,0.9872958468083133,0.9809321788318207,0.9837141101876645,0.987052427814677,0.9857620823713523,0.0030975022352491104,RandomizedSearchCV
0.9731899738311768,0.16369032276416784,0.29103736877441405,0.1569780659435242,False,entropy,9,sqrt,1,18,201,"{'model__bootstrap': False, 'model__criterion': 'entropy', 'model__max_depth': 9, 'model__max_features': 'sqrt', 'model__min_samples_leaf': 1, 'model__min_samples_split': 18, 'model__n_estimators': 201}",0.7845192130906417,0.7557663690476192,0.7373511904761906,0.8470982142857142,0.7877604166666666,0.7824990807133664,0.03730356689381135,23,0.983026413690476,0.9816276616707817,0.9771881628820809,0.9738150711131203,0.983064992871301,0.9797444604455521,0.0036615820251795126,RandomizedSearchCV
3.8179314136505127,0.23175074873996987,0.28576068878173827,0.10026315503845747,False,gini,9,log2,1,3,1276,"{'model__bootstrap': False, 'model__criterion': 'gini', 'model__max_depth': 9, 'model__max_features': 'log2', 'model__min_samples_leaf': 1, 'model__min_samples_split': 3, 'model__n_estimators': 1276}",0.7973892259606545,0.7511160714285715,0.7494419642857143,0.843936011904762,0.7795758928571429,0.7842918332873691,0.03483203805770569,18,0.9991629464285714,0.9982149273800003,0.9976585411088315,0.9981685618574028,0.9982844756638963,0.9982978904877406,0.0004859790403809468,RandomizedSearchCV
6.4287115097045895,0.29970788958399136,0.3112491607666016,0.050747041086001296,True,entropy,27,,8,18,966,"{'model__bootstrap': True, 'model__criterion': 'entropy', 'model__max_depth': 27, 'model__max_features': None, 'model__min_samples_leaf': 8, 'model__min_samples_split': 18, 'model__n_estimators': 966}",0.7665011950726236,0.7472098214285715,0.7230282738095238,0.8229166666666666,0.800595238095238,0.7720502390145247,0.035925483272135704,46,0.9558454241071428,0.9531940049379282,0.9475837767036431,0.9438977176571501,0.9487892802911754,0.949862040739408,0.004214672318722092,RandomizedSearchCV
3.187949371337891,0.3967452054527123,0.3531073570251465,0.06720214964035219,False,gini,6,log2,1,10,1347,"{'model__bootstrap': False, 'model__criterion': 'gini', 'model__max_depth': 6, 'model__max_features': 'log2', 'model__min_samples_leaf': 1, 'model__min_samples_split': 10, 'model__n_estimators': 1347}",0.7966537966537965,0.7481398809523809,0.738467261904762,0.8377976190476191,0.7857142857142857,0.7813545688545689,0.03572513962825463,29,0.9521949404761905,0.9492529355171495,0.9452655005737733,0.9415794415272803,0.9515480288857207,0.9479681693960229,0.004011280949016716,RandomizedSearchCV
4.565286111831665,0.28046672582310334,0.36739087104797363,0.13554324346633967,False,entropy,7,log2,4,4,1734,"{'model__bootstrap': False, 'model__criterion': 'entropy', 'model__max_depth': 7, 'model__max_features': 'log2', 'model__min_samples_leaf': 4, 'model__min_samples_split': 4, 'model__n_estimators': 1734}",0.795182938040081,0.7496279761904762,0.7410714285714286,0.8420758928571429,0.7860863095238095,0.7828089090365877,0.03610934754059283,22,0.9581589471726191,0.9573205364490964,0.9510032339952011,0.9464362300193576,0.9582362555203952,0.9542310406313339,0.004736939701314376,RandomizedSearchCV
3.587476968765259,0.2103303283636913,0.20000767707824707,0.0635843998562279,True,entropy,24,,8,8,537,"{'model__bootstrap': True, 'model__criterion': 'entropy', 'model__max_depth': 24, 'model__max_features': None, 'model__min_samples_leaf': 8, 'model__min_samples_split': 8, 'model__n_estimators': 537}",0.7688913403199118,0.7477678571428571,0.7243303571428572,0.8221726190476191,0.7996651785714287,0.7725654704449348,0.035072240835022805,44,0.958740234375,0.9557904742033824,0.9507482236209155,0.9471317128583187,0.9536112946413048,0.9532043879397843,0.004010215375441608,RandomizedSearchCV
1.470393419265747,0.1336205587896258,0.1444857120513916,0.04607754722553607,False,entropy,29,sqrt,7,11,462,"{'model__bootstrap': False, 'model__criterion': 'entropy', 'model__max_depth': 29, 'model__max_features': 'sqrt', 'model__min_samples_leaf': 7, 'model__min_samples_split': 11, 'model__n_estimators': 462}",0.7883802169516455,0.7460937499999999,0.7408854166666667,0.8381696428571429,0.7976190476190478,0.7822296148189005,0.035830419289999804,26,0.9715169270833333,0.9703608396796142,0.9659213408909135,0.9640899027483164,0.9696421740793546,0.9683062368963065,0.0028206330791275477,RandomizedSearchCV
4.301771068572998,0.5308728784292134,0.5640521049499512,0.08302979492246232,False,entropy,29,log2,1,3,1096,"{'model__bootstrap': False, 'model__criterion': 'entropy', 'model__max_depth': 29, 'model__max_features': 'log2', 'model__min_samples_leaf': 1, 'model__min_samples_split': 3, 'model__n_estimators': 1096}",0.7728442728442728,0.74609375,0.7445126488095237,0.8341703869047619,0.7708333333333334,0.7736908783783784,0.03249499602004349,41,1.0,1.0,1.0,1.0,1.0,1.0,0.0,RandomizedSearchCV
9.429728126525879,0.8353582824145708,0.41688690185546873,0.0831236928868903,True,entropy,9,,7,10,1456,"{'model__bootstrap': True, 'model__criterion': 'entropy', 'model__max_depth': 9, 'model__max_features': None, 'model__min_samples_leaf': 7, 'model__min_samples_split': 10, 'model__n_estimators': 1456}",0.766685052399338,0.7486979166666666,0.7243303571428572,0.8258928571428571,0.8000372023809523,0.7731286771465342,0.036132494554526065,43,0.966122581845238,0.9648085683485761,0.9606124885535116,0.9558716138679278,0.9593722108240312,0.961357492687857,0.0037204096430305217,RandomizedSearchCV
5.944899320602417,0.49917999914112693,0.3632558822631836,0.11621212975402637,True,entropy,7,,6,2,827,"{'model__bootstrap': True, 'model__criterion': 'entropy', 'model__max_depth': 7, 'model__max_features': None, 'model__min_samples_leaf': 6, 'model__min_samples_split': 2, 'model__n_estimators': 827}",0.7692590549733407,0.752232142857143,0.7261904761904762,0.8225446428571428,0.8000372023809523,0.774052703851811,0.03410739245590404,40,0.9618675595238095,0.9606472626954597,0.9556513776355902,0.951327792653383,0.9543995085254605,0.9567787002067405,0.003937158042776365,RandomizedSearchCV
5.0479738235473635,0.6380887722901724,0.2574934959411621,0.1032165456434804,True,gini,10,,3,17,709,"{'model__bootstrap': True, 'model__criterion': 'gini', 'model__max_depth': 10, 'model__max_features': None, 'model__min_samples_leaf': 3, 'model__min_samples_split': 17, 'model__n_estimators': 709}",0.791689648832506,0.7472098214285714,0.7379092261904762,0.8208705357142857,0.7873883928571429,0.7770135250045964,0.030541351687675227,34,0.971284412202381,0.9664081788781862,0.9620498197540308,0.9644260527871475,0.9655272339488357,0.9659391395141164,0.0030455818449414782,RandomizedSearchCV
3.6012982368469237,0.2537352389978535,0.23486218452453614,0.035093452778862305,False,entropy,22,sqrt,2,3,1021,"{'model__bootstrap': False, 'model__criterion': 'entropy', 'model__max_depth': 22, 'model__max_features': 'sqrt', 'model__min_samples_leaf': 2, 'model__min_samples_split': 3, 'model__n_estimators': 1021}",0.778819635962493,0.7503720238095238,0.7466517857142858,0.8379836309523809,0.7769717261904762,0.778159760525832,0.03269756297501787,33,1.0,1.0,1.0,1.0,1.0,1.0,0.0,RandomizedSearchCV
10.374065017700195,0.9998228697772494,0.3593910694122314,0.1699252463060107,True,entropy,8,,1,15,1500,"{'model__bootstrap': True, 'model__criterion': 'entropy', 'model__max_depth': 8, 'model__max_features': None, 'model__min_samples_leaf': 1, 'model__min_samples_split': 15, 'model__n_estimators': 1500}",0.7738554881412025,0.7472098214285714,0.7401413690476191,0.8216145833333334,0.7838541666666666,0.7733350857234786,0.029072956620411608,42,0.9836309523809523,0.9821144996580542,0.9756812833976656,0.9781038819533794,0.9800280511411714,0.9799117337062446,0.002823591079037773,RandomizedSearchCV
7.1259537696838375,0.870236578831708,0.327574348449707,0.12978132000862502,True,gini,12,,1,2,887,"{'model__bootstrap': True, 'model__criterion': 'gini', 'model__max_depth': 12, 'model__max_features': None, 'model__min_samples_leaf': 1, 'model__min_samples_split': 2, 'model__n_estimators': 887}",0.7828644971502114,0.7351190476190477,0.7620907738095238,0.8223586309523809,0.7752976190476191,0.7755461137157565,0.028497108979343776,37,1.0,1.0,1.0,1.0,1.0,1.0,0.0,RandomizedSearchCV
6.112985467910766,0.6232104943380026,0.2937004566192627,0.05247606735804931,True,gini,27,sqrt,6,7,1588,"{'model__bootstrap': True, 'model__criterion': 'gini', 'model__max_depth': 27, 'model__max_features': 'sqrt', 'model__min_samples_leaf': 6, 'model__min_samples_split': 7, 'model__n_estimators': 1588}",0.7918735061592204,0.7496279761904763,0.7481398809523809,0.8485863095238095,0.798549107142857,0.7873553559937487,0.037030128504899604,6,0.9441382998511905,0.9447670712058512,0.9374297272548133,0.9358880736284498,0.9435499762376697,0.9411546296355949,0.0037229347918212945,RandomizedSearchCV
3.7709601402282713,0.1967179945795988,0.26665310859680175,0.055245043579493426,True,entropy,6,log2,1,16,1159,"{'model__bootstrap': True, 'model__criterion': 'entropy', 'model__max_depth': 6, 'model__max_features': 'log2', 'model__min_samples_leaf': 1, 'model__min_samples_split': 16, 'model__n_estimators': 1159}",0.803088803088803,0.7559523809523809,0.7347470238095238,0.8463541666666667,0.7879464285714285,0.7856177606177606,0.038645666389143886,10,0.9225725446428571,0.9227086738301399,0.9154872436855953,0.9109434224710505,0.9211902029650751,0.9185804175189436,0.004640732203954706,RandomizedSearchCV
5.312250566482544,0.48672434081257604,0.3695185661315918,0.17610096103949055,False,gini,20,sqrt,3,18,1735,"{'model__bootstrap': False, 'model__criterion': 'gini', 'model__max_depth': 20, 'model__max_features': 'sqrt', 'model__min_samples_leaf': 3, 'model__min_samples_split': 18, 'model__n_estimators': 1735}",0.7915057915057915,0.7546502976190476,0.7444196428571428,0.8430059523809523,0.7927827380952381,0.7852728844916343,0.0347421482862605,12,0.9891066778273809,0.987550857182599,0.9822188220838984,0.984293679220132,0.9864496760209108,0.9859239424669843,0.002426467677226419,RandomizedSearchCV
9.02281050682068,0.26630714085164814,0.30391654968261717,0.07648082253672982,True,entropy,18,,3,10,1260,"{'model__bootstrap': True, 'model__criterion': 'entropy', 'model__max_depth': 18, 'model__max_features': None, 'model__min_samples_leaf': 3, 'model__min_samples_split': 10, 'model__n_estimators': 1260}",0.7727523441809157,0.7490699404761906,0.7397693452380952,0.8232886904761904,0.7948288690476191,0.7759418378838021,0.030460352464008047,36,0.997407459077381,0.9957111891597408,0.9943781803850656,0.9941115786301307,0.9958618771081824,0.9954940568721001,0.0011832136391554103,RandomizedSearchCV
4.540805435180664,0.08439233785105288,0.24708833694458007,0.05671112064591168,False,gini,25,log2,1,2,1479,"{'model__bootstrap': False, 'model__criterion': 'gini', 'model__max_depth': 25, 'model__max_features': 'log2', 'model__min_samples_leaf': 1, 'model__min_samples_split': 2, 'model__n_estimators': 1479}",0.7768891340319912,0.7374441964285715,0.7416294642857143,0.8342633928571429,0.7645089285714286,0.7709470232349697,0.03483584094726302,47,1.0,1.0,1.0,1.0,1.0,1.0,0.0,RandomizedSearchCV
5.692986583709716,0.1417986185338589,0.17325420379638673,0.05118900618637678,True,gini,14,,3,9,885,"{'model__bootstrap': True, 'model__criterion': 'gini', 'model__max_depth': 14, 'model__max_features': None, 'model__min_samples_leaf': 3, 'model__min_samples_split': 9, 'model__n_estimators': 885}",0.7883802169516455,0.7401413690476191,0.7447916666666666,0.8208705357142857,0.7886904761904763,0.7765748529141386,0.030284755692780066,35,0.9949079241071428,0.9927322043328581,0.9904834764868844,0.991503517984027,0.9927090215715594,0.9924672288964944,0.0014798433117269839,RandomizedSearchCV
4.007715892791748,0.2284409620643866,0.21652565002441407,0.048679200838785096,True,entropy,26,log2,2,18,1327,"{'model__bootstrap': True, 'model__criterion': 'entropy', 'model__max_depth': 26, 'model__max_features': 'log2', 'model__min_samples_leaf': 2, 'model__min_samples_split': 18, 'model__n_estimators': 1327}",0.7994116565545136,0.7568824404761905,0.7464657738095238,0.8532366071428572,0.794828869047619,0.7901650694061408,0.03768986892413297,3,0.9642392113095238,0.9638928492772774,0.9548631637514344,0.955639786254941,0.9628728077801347,0.9603015636746622,0.004155046566809965,RandomizedSearchCV
3.0477707862854,0.09874630750520226,0.19708662033081054,0.033181749931745295,False,entropy,20,log2,7,4,1120,"{'model__bootstrap': False, 'model__criterion': 'entropy', 'model__max_depth': 20, 'model__max_features': 'log2', 'model__min_samples_leaf': 7, 'model__min_samples_split': 4, 'model__n_estimators': 1120}",0.7929766501195072,0.7524181547619048,0.7453497023809524,0.8491443452380952,0.7927827380952381,0.7865343181191397,0.03704226522597314,7,0.9638323102678572,0.962617797405849,0.9573205364490964,0.9544342826674086,0.9622700559863686,0.9600949965553159,0.00360011755496292,RandomizedSearchCV
1.935606336593628,0.13711044872732644,0.21389899253845215,0.0798862664289342,False,gini,11,log2,4,2,711,"{'model__bootstrap': False, 'model__criterion': 'gini', 'model__max_depth': 11, 'model__max_features': 'log2', 'model__min_samples_leaf': 4, 'model__min_samples_split': 2, 'model__n_estimators': 711}",0.7949990807133662,0.7526041666666666,0.7418154761904762,0.8506324404761905,0.7857142857142857,0.785153089952197,0.038268485711885326,13,0.9916410900297619,0.9897648108866247,0.9854875914270149,0.9851514413881838,0.9884897590151963,0.9881069385493563,0.00248922725757274,RandomizedSearchCV
3.0420382976531983,0.14334123283524342,0.2184537887573242,0.02258822763453686,True,gini,23,log2,2,3,926,"{'model__bootstrap': True, 'model__criterion': 'gini', 'model__max_depth': 23, 'model__max_features': 'log2', 'model__min_samples_leaf': 2, 'model__min_samples_split': 3, 'model__n_estimators': 926}",0.7937120794263651,0.7542782738095238,0.7529761904761905,0.8487723214285714,0.7803199404761906,0.7860117611233683,0.03501126332811413,9,0.9998256138392857,0.9988872274576625,0.9975078531603899,0.9984583463736365,0.999003141264156,0.9987364364190261,0.0007572222608056404,RandomizedSearchCV
2.320464515686035,0.12868851044403407,0.16473102569580078,0.050127999125948126,False,gini,26,log2,6,18,881,"{'model__bootstrap': False, 'model__criterion': 'gini', 'model__max_depth': 26, 'model__max_features': 'log2', 'model__min_samples_leaf': 6, 'model__min_samples_split': 18, 'model__n_estimators': 881}",0.797573083287369,0.7503720238095238,0.7453497023809523,0.8493303571428571,0.7979910714285715,0.7881232476098547,0.03791494340891421,5,0.9637858072916666,0.9643333217419527,0.9568568812231225,0.9563584518552005,0.9631510009157191,0.9608970926055325,0.00352576271923475,RandomizedSearchCV
0.6510825157165527,0.11792400274518022,0.10017867088317871,0.05443683329896279,False,gini,9,log2,5,13,204,"{'model__bootstrap': False, 'model__criterion': 'gini', 'model__max_depth': 9, 'model__max_features': 'log2', 'model__min_samples_leaf': 5, 'model__min_samples_split': 13, 'model__n_estimators': 204}",0.7997793712079427,0.7527901785714285,0.7410714285714286,0.8452380952380952,0.7925967261904762,0.7862951599558743,0.03705016320527651,8,0.9667619977678572,0.9666400064911731,0.9601372419468882,0.956207763906759,0.9626873456897451,0.9624868711604846,0.0040128138747301915,RandomizedSearchCV
2.308685874938965,0.08365480397026853,0.08511710166931152,0.006360323236793187,True,entropy,24,log2,3,9,855,"{'model__bootstrap': True, 'model__criterion': 'entropy', 'model__max_depth': 24, 'model__max_features': 'log2', 'model__min_samples_leaf': 3, 'model__min_samples_split': 9, 'model__n_estimators': 855}",0.7891156462585034,0.7550223214285714,0.7513020833333334,0.85546875,0.7938988095238094,0.7889615221088435,0.03746388819847692,4,0.983247302827381,0.9815001564836388,0.9748698867522111,0.9767592817980548,0.9801091908057168,0.9792971637334006,0.0030710841757103893,RandomizedSearchCV
